{
  "player_name": {
    "precision": 0.6666666666666666,
    "recall": 1.0,
    "f1-score": 0.8,
    "support": 12,
    "confused_with": {}
  },
  "team_name": {
    "precision": 1.0,
    "recall": 1.0,
    "f1-score": 1.0,
    "support": 8,
    "confused_with": {}
  },
  "micro avg": {
    "precision": 0.7692307692307693,
    "recall": 1.0,
    "f1-score": 0.8695652173913044,
    "support": 20
  },
  "macro avg": {
    "precision": 0.8333333333333333,
    "recall": 1.0,
    "f1-score": 0.9,
    "support": 20
  },
  "weighted avg": {
    "precision": 0.8,
    "recall": 1.0,
    "f1-score": 0.8800000000000001,
    "support": 20
  },
  "accuracy": 0.9636363636363636
}